,name,price,rating
0,"gernie 6.7 Inches Screen Replacement for Pixel 7 Pro 5G GP4BC GE2AE, Professional LCD Screen Display Digitizer Assembly with Repair Tools, 3120x1440 Pixels",127AED,1.0 out of 5 stars
1,"Dpofirs Organic Screen Replacement For Pixel 7 Pro, Pixel 7 Pro Frame, Digitizer Assembly with Frame Repair Tools For Pixel 7 Pro",190AED,3.0 out of 5 stars
2,"Can Fix It Screen Replacement for Google Pixel 7 Pro 6.7"" OLED Glass (Not LCD) Screen Display Touch Digitizer LCD Assembly with Frame with Repair Tools Kits - GP4BC GE2AE",240AED,3.0 out of 5 stars
3,"Dpofirs Organic OLED Screen Replacement for Pixel 7 PRO, Pixel 7 PRO Frame, Digitizer Assembly with Frame Repair Tools for Pixel 7PRO",183AED,
4,"Screen Replacement for Pixel 7 Pro 5G GP4BC GE2AE 6.7"" LCD Screen Display Touch Glass Lens Digitizer Replacement Part, with Repair Tools",223AED,3.0 out of 5 stars
5,Mobile Phone Screen LCD Display for Google Pixel 7 Pro GP4BC GE2AE OLED LCD Screen Digitizer Full Assembly with Frame,199AED,
6,"Olivechard OLED for Google Pixel 7 Pro 6.7"" Display Screen +Frame (Fingerprint Cable Transfer Required) LCD Screen Replacement Display Touch Digitizer Assembly",360AED,2.7 out of 5 stars
7,"OLED Screen Assembly for Pixel 7 Pro, Phone Digitizer Assembly with Frame and Installation Tool Kit, Smartphone Screen Replacement",242AED,3.0 out of 5 stars
8,"OLED Screen Replacement for Pixel 7 Pro, Digitizer Assembly with Tools, Display Repair Kits, QC Double Test Before Shipment",228AED,
9,"OLED for Google Pixel 7 Pro LCD Screen Replacement Screen for Pixel 7 Pro GP4BC GE2AE GFE4J 6.7"" LCD Display Digitazer Full Assembly with Repair Kit Black with Frame",326AED,2.0 out of 5 stars
10,"Phone Screen Replacement for Pixel 7 Pro 5G, 6.7in 3120x1440 Mobile Phone Touch Screen Digitizer Assembly with Repair Tools",153AED,
11,"EBTOOLS Pixel 7 Pro Screen Replacement, LED Touch Screen Replacement with Tools, Touch Screen Replacement for Pixel 7 Pro 5G GP4BC GE2AE",359AED,2.9 out of 5 stars
12,LNONLS AMOLED for Google Pixel 7 Pro 5G LCD Display Screen Replacement GP4BC GE2AE Touch Digitizer Screen Assembly with Frame kit,372AED,2.4 out of 5 stars
13,"Cryfokt Screen Replacement, 6.7 Inch Display, LCD Display Digitizer Replacement with Professional Tools, 220g Assembly for Pixel 7 Pro 5G GP4BC GE2AE,",194AED,
14,Mobile Phone Replacement Parts for Google Pixel 7 Pro GP4BC GE2AE OLED LCD Screen Digitizer Full Assembly with Frame,226AED,
15,"LICAEVEY Screen Replacement for 7T Pro 5G / 7 Pro Series Cell Phone, 6.7 Inch LCD Display 3D Touch Digitizer Assembly with Repair Tools",126AED,
16,Cell Phone LCD Display for Google Pixel 7 Pro GP4BC GE2AE OLED LCD Screen Digitizer Full Assembly with Frame Replacement Part,215AED,
17,"Cell Phone LCD Display LTPO AMOLED LCD Screen for Google Pixel 7 Pro GP4BC, GE2AE with Digitizer Full Assembly Replacement Part",563AED,
18,"Ibywind [Pack of 2] Google Pixel 7 Pro 5G Screen protector (6.7 Inch) with with Alignment Frame,Bubble-Free,Smart Film Tech,99% HD Clear,Easy to install,Flexible TPU Film,Touch Sensitive",39AED,4.0 out of 5 stars
19,"Duotipa Front Glass Display Glass Repair Compatible with Google Pixel 7 Pro, Front Glass Replacement Touchscreen Repair Kit - Includes Tools - Black (No Display and Touch Digitizer)",75AED,1.0 out of 5 stars
20,"Qvouaw OLED Display Compatible with Google Pixel 7 Pro GE2AE 6.3"" inch LCD Screen Display Digitizer Assembly with Frame and Tools(Support Fingerprint)",468AED,2.8 out of 5 stars
21,"Screen Replacement for Pixel 7 Pro 5G GP4BC GE2AE, 6.7 Inch Phone Organic LED Touch Screen Digitizer Assembly with Repair Tools, Phone Touch Display",153AED,
22,"Pixels 7 Pro GP4BC GE2AE Screen Replacement, High Color Saturation, Excellent Resolution, Wide Color Gamut, Phone Screen Display Digitizer",172AED,
23,"Double Sure 6.7"" Replacement Screen Glass for Google Pixel 7 Pro GP4BC GE2AE GE2AE Black",54AED,3.5 out of 5 stars
24,"Dpofirs AMOLED for Pixel 7 Pro 5G LCD Screen Replacement, 6.7 Inch LCD Display Digitizer Full Assembly for Pixel 7 Pro 5G GP4BC GE2AE",260AED,1.5 out of 5 stars
25,"Dpofirs AMOLED for Google Pixel 7 Pro 5G LCD Screen Replacement, 6.7 Inch LCD Display Touch Screen Digitizer Full Assembly for Google Pixel 7 Pro 5G GP4BC GE2AE",320AED,1.8 out of 5 stars
26,"Denash Phone Screen Replacement for Pixel 7 Pro 5G GP4BC GE2AE, 6.7 Inch Organic LED Touch Screen, Phone Digitizer Assembly with Repair Tools",207AED,3.1 out of 5 stars
27,"7 Pro Screen Assembly, Perfectly Compatible Organic Light Emitting Diode Touch Screen Digitizer Assembly Kit with Fingerprint and Repair Tool for 7 Pro",194AED,
28,"T Tersely [2 Pack] Screen Protector for Google Pixel 7 Pro (6.7 inch), Support Fingerprint Unlock Full Cover HYDROGEL Aqua Screen Protector Curved for Google Pixel 7 Pro",19AED,3.7 out of 5 stars
29,"Eujgoov Phone Touch Screen Display for Pixel 7 PRO 6.7in, Quality LCD Digitizer Assembly with Repair Tools, Ideal for Screen Replacement, for Professional Technicians, Material",187AED,
30,"Lazmin112 OLED 6.7 Inch Screen Replacement for Google Pixel 7 Pro 5G GP4BC GE2AE, Touch Screen Digitizer Assembly Replacement with Repair Tools Kit",395AED,1.0 out of 5 stars
31,Pixel 7 Pro Back Glass Replacement for Google Pixel 7 Pro 5G Back Cover Glass Housing Door with Pre-Installed Tape + Tools(Not Suitable for Pixel 7) (Hazel),73AED,
32,"6.7 Inches Screen Replacement for for 7 Pro 5G Display GP4BC GE2AE, Replacement for for 7 Pro LED Touch Screen Digitizer Assembly with Repair Tools",174AED,
33,Mobile Phones Accessories For for Google Pixel 7 Pro Power Button + Volume Button Control Button Replacement Parts,26AED,5.0 out of 5 stars
34,"MENDUNER AMOLED Screen Replacement for Google Pixel 7 Pro, Pixel 7 Pro Screen Replacement, 5G GP4BC GE2AE 6.7 Inch Phone Organic LED Touch Screen Digitizer Assembly with Repair Tools",295AED,2.0 out of 5 stars
35,"LTPO AMOLED LCD Screen For Google Pixel 7 Pro GP4BC, GE2AE with Digitizer Full Assembly",375AED,
36,Cell Phone LCD Display for Google Pixel 7 Pro GV4BC GE2AE AMOLED LCD Screen Digitizer Full Assembly with Frame (Black) Replacement Part,563AED,
37,"ciciglow AMOLED Screen Replacement for Google Pixel 7 Pro GP4BC GE2AE, 6.7 Inch Touch Screen Digitizer Assembly with Tool, Screen Repair Kits",361AED,2.4 out of 5 stars
38,"Plyisty Screen Display Digitizer Assembly, Support Fingerprint Phone Screen Replacement 6.7in with Repair Tools for Pixel 7 PRO",162AED,
39,SwarKing Display Glass Front Glass Outer Screen Lens Replacement Compatible with Google Pixel 7 Pro with Repair Kit,75AED,
40,Marhynchus Touch Screen Digitizer Assembly Display Replacement for 7 Pro 5G GP4BC GE2AE 6.7 Inch Screen with Repair Tools,174AED,
41,"for Pixel 7 Pro 6.7 Inch Screen Replacement, for Pixel 7 Pro 5G GP4BC GE2AE Organic LED Touch Screen Digitizer Assembly with Tools",545AED,
42,"Yunir OLED Display Compatible with Pixel 7 Pro, 6.7 Screen Replacement, LCD Screen Display Digitizer Assembly with Frame and Tools",342AED,1.0 out of 5 stars
43,"OLED Screen Replacement for Google Pixel 7 Pro, 6.7 Inch Touch Screen Digitizer Assembly with Tool, Pixel 7Pro Display Touch Screen Repair Kits, with Fingerprint Function, Default",447AED,1.0 out of 5 stars
44,YUANSHIHUI Cellphone LCD Screen for Google Pixel 7 Pro GP4BC GE2AE OLED LCD Screen Digitizer Full Assembly with Frame,228AED,
45,Mobile Lcd Screen Replacement for Google Pixel 7 Pro GP4BC GE2AE OLED LCD Screen Digitizer Full Assembly with Frame,228AED,
46,Cellphone LCD Screen for Google Pixel 7 Pro GP4BC GE2AE OLED LCD Screen Digitizer Full Assembly with Frame,240AED,
47,"Phone Screen Replacement for Pixel 7 Pro 5G GP4BC GE2AE, 6.7 Inch Phone Organic LED Touch Screen Digitizer Assembly with Repair Tools, Resolves Various Screen Issues",514AED,
48,"gernie 6.7 Inches Screen Replacement for Pixel 7 Pro 5G GP4BC GE2AE, Professional LCD Screen Display Digitizer Assembly with Repair Tools, 3120x1440 Pixels",127AED,1.0 out of 5 stars
49,"Dpofirs Organic Screen Replacement For Pixel 7 Pro, Pixel 7 Pro Frame, Digitizer Assembly with Frame Repair Tools For Pixel 7 Pro",190AED,3.0 out of 5 stars
50,"Can Fix It Screen Replacement for Google Pixel 7 Pro 6.7"" OLED Glass (Not LCD) Screen Display Touch Digitizer LCD Assembly with Frame with Repair Tools Kits - GP4BC GE2AE",240AED,3.0 out of 5 stars
51,"Dpofirs Organic OLED Screen Replacement for Pixel 7 PRO, Pixel 7 PRO Frame, Digitizer Assembly with Frame Repair Tools for Pixel 7PRO",183AED,
52,"Screen Replacement for Pixel 7 Pro 5G GP4BC GE2AE 6.7"" LCD Screen Display Touch Glass Lens Digitizer Replacement Part, with Repair Tools",223AED,3.0 out of 5 stars
53,Mobile Phone Screen LCD Display for Google Pixel 7 Pro GP4BC GE2AE OLED LCD Screen Digitizer Full Assembly with Frame,199AED,
54,"Olivechard OLED for Google Pixel 7 Pro 6.7"" Display Screen +Frame (Fingerprint Cable Transfer Required) LCD Screen Replacement Display Touch Digitizer Assembly",360AED,2.7 out of 5 stars
55,"OLED Screen Assembly for Pixel 7 Pro, Phone Digitizer Assembly with Frame and Installation Tool Kit, Smartphone Screen Replacement",242AED,3.0 out of 5 stars
56,"OLED Screen Replacement for Pixel 7 Pro, Digitizer Assembly with Tools, Display Repair Kits, QC Double Test Before Shipment",228AED,
57,"OLED for Google Pixel 7 Pro LCD Screen Replacement Screen for Pixel 7 Pro GP4BC GE2AE GFE4J 6.7"" LCD Display Digitazer Full Assembly with Repair Kit Black with Frame",326AED,2.0 out of 5 stars
58,"Phone Screen Replacement for Pixel 7 Pro 5G, 6.7in 3120x1440 Mobile Phone Touch Screen Digitizer Assembly with Repair Tools",153AED,
59,"EBTOOLS Pixel 7 Pro Screen Replacement, LED Touch Screen Replacement with Tools, Touch Screen Replacement for Pixel 7 Pro 5G GP4BC GE2AE",359AED,2.9 out of 5 stars
60,LNONLS AMOLED for Google Pixel 7 Pro 5G LCD Display Screen Replacement GP4BC GE2AE Touch Digitizer Screen Assembly with Frame kit,372AED,2.4 out of 5 stars
61,"Cryfokt Screen Replacement, 6.7 Inch Display, LCD Display Digitizer Replacement with Professional Tools, 220g Assembly for Pixel 7 Pro 5G GP4BC GE2AE,",194AED,
62,Mobile Phone Replacement Parts for Google Pixel 7 Pro GP4BC GE2AE OLED LCD Screen Digitizer Full Assembly with Frame,226AED,
63,"LICAEVEY Screen Replacement for 7T Pro 5G / 7 Pro Series Cell Phone, 6.7 Inch LCD Display 3D Touch Digitizer Assembly with Repair Tools",126AED,
64,Cell Phone LCD Display for Google Pixel 7 Pro GP4BC GE2AE OLED LCD Screen Digitizer Full Assembly with Frame Replacement Part,215AED,
65,"Cell Phone LCD Display LTPO AMOLED LCD Screen for Google Pixel 7 Pro GP4BC, GE2AE with Digitizer Full Assembly Replacement Part",563AED,
66,"Ibywind [Pack of 2] Google Pixel 7 Pro 5G Screen protector (6.7 Inch) with with Alignment Frame,Bubble-Free,Smart Film Tech,99% HD Clear,Easy to install,Flexible TPU Film,Touch Sensitive",39AED,4.0 out of 5 stars
67,"Duotipa Front Glass Display Glass Repair Compatible with Google Pixel 7 Pro, Front Glass Replacement Touchscreen Repair Kit - Includes Tools - Black (No Display and Touch Digitizer)",75AED,1.0 out of 5 stars
68,"Qvouaw OLED Display Compatible with Google Pixel 7 Pro GE2AE 6.3"" inch LCD Screen Display Digitizer Assembly with Frame and Tools(Support Fingerprint)",468AED,2.8 out of 5 stars
69,"Screen Replacement for Pixel 7 Pro 5G GP4BC GE2AE, 6.7 Inch Phone Organic LED Touch Screen Digitizer Assembly with Repair Tools, Phone Touch Display",153AED,
70,"Pixels 7 Pro GP4BC GE2AE Screen Replacement, High Color Saturation, Excellent Resolution, Wide Color Gamut, Phone Screen Display Digitizer",172AED,
71,"Double Sure 6.7"" Replacement Screen Glass for Google Pixel 7 Pro GP4BC GE2AE GE2AE Black",54AED,3.5 out of 5 stars
72,"Dpofirs AMOLED for Pixel 7 Pro 5G LCD Screen Replacement, 6.7 Inch LCD Display Digitizer Full Assembly for Pixel 7 Pro 5G GP4BC GE2AE",260AED,1.5 out of 5 stars
73,"Dpofirs AMOLED for Google Pixel 7 Pro 5G LCD Screen Replacement, 6.7 Inch LCD Display Touch Screen Digitizer Full Assembly for Google Pixel 7 Pro 5G GP4BC GE2AE",320AED,1.8 out of 5 stars
74,"Denash Phone Screen Replacement for Pixel 7 Pro 5G GP4BC GE2AE, 6.7 Inch Organic LED Touch Screen, Phone Digitizer Assembly with Repair Tools",207AED,3.1 out of 5 stars
75,"7 Pro Screen Assembly, Perfectly Compatible Organic Light Emitting Diode Touch Screen Digitizer Assembly Kit with Fingerprint and Repair Tool for 7 Pro",194AED,
76,"T Tersely [2 Pack] Screen Protector for Google Pixel 7 Pro (6.7 inch), Support Fingerprint Unlock Full Cover HYDROGEL Aqua Screen Protector Curved for Google Pixel 7 Pro",19AED,3.7 out of 5 stars
77,"Eujgoov Phone Touch Screen Display for Pixel 7 PRO 6.7in, Quality LCD Digitizer Assembly with Repair Tools, Ideal for Screen Replacement, for Professional Technicians, Material",187AED,
78,"Lazmin112 OLED 6.7 Inch Screen Replacement for Google Pixel 7 Pro 5G GP4BC GE2AE, Touch Screen Digitizer Assembly Replacement with Repair Tools Kit",395AED,1.0 out of 5 stars
79,Pixel 7 Pro Back Glass Replacement for Google Pixel 7 Pro 5G Back Cover Glass Housing Door with Pre-Installed Tape + Tools(Not Suitable for Pixel 7) (Hazel),73AED,
80,"6.7 Inches Screen Replacement for for 7 Pro 5G Display GP4BC GE2AE, Replacement for for 7 Pro LED Touch Screen Digitizer Assembly with Repair Tools",174AED,
81,Mobile Phones Accessories For for Google Pixel 7 Pro Power Button + Volume Button Control Button Replacement Parts,26AED,5.0 out of 5 stars
82,"MENDUNER AMOLED Screen Replacement for Google Pixel 7 Pro, Pixel 7 Pro Screen Replacement, 5G GP4BC GE2AE 6.7 Inch Phone Organic LED Touch Screen Digitizer Assembly with Repair Tools",295AED,2.0 out of 5 stars
83,"LTPO AMOLED LCD Screen For Google Pixel 7 Pro GP4BC, GE2AE with Digitizer Full Assembly",375AED,
84,Cell Phone LCD Display for Google Pixel 7 Pro GV4BC GE2AE AMOLED LCD Screen Digitizer Full Assembly with Frame (Black) Replacement Part,563AED,
85,"ciciglow AMOLED Screen Replacement for Google Pixel 7 Pro GP4BC GE2AE, 6.7 Inch Touch Screen Digitizer Assembly with Tool, Screen Repair Kits",361AED,2.4 out of 5 stars
86,"Plyisty Screen Display Digitizer Assembly, Support Fingerprint Phone Screen Replacement 6.7in with Repair Tools for Pixel 7 PRO",162AED,
87,SwarKing Display Glass Front Glass Outer Screen Lens Replacement Compatible with Google Pixel 7 Pro with Repair Kit,75AED,
88,Marhynchus Touch Screen Digitizer Assembly Display Replacement for 7 Pro 5G GP4BC GE2AE 6.7 Inch Screen with Repair Tools,174AED,
89,"for Pixel 7 Pro 6.7 Inch Screen Replacement, for Pixel 7 Pro 5G GP4BC GE2AE Organic LED Touch Screen Digitizer Assembly with Tools",545AED,
90,"Yunir OLED Display Compatible with Pixel 7 Pro, 6.7 Screen Replacement, LCD Screen Display Digitizer Assembly with Frame and Tools",342AED,1.0 out of 5 stars
91,"OLED Screen Replacement for Google Pixel 7 Pro, 6.7 Inch Touch Screen Digitizer Assembly with Tool, Pixel 7Pro Display Touch Screen Repair Kits, with Fingerprint Function, Default",447AED,1.0 out of 5 stars
92,YUANSHIHUI Cellphone LCD Screen for Google Pixel 7 Pro GP4BC GE2AE OLED LCD Screen Digitizer Full Assembly with Frame,228AED,
93,Mobile Lcd Screen Replacement for Google Pixel 7 Pro GP4BC GE2AE OLED LCD Screen Digitizer Full Assembly with Frame,228AED,
94,Cellphone LCD Screen for Google Pixel 7 Pro GP4BC GE2AE OLED LCD Screen Digitizer Full Assembly with Frame,240AED,
95,"Phone Screen Replacement for Pixel 7 Pro 5G GP4BC GE2AE, 6.7 Inch Phone Organic LED Touch Screen Digitizer Assembly with Repair Tools, Resolves Various Screen Issues",514AED,
96,"gernie 6.7 Inches Screen Replacement for Pixel 7 Pro 5G GP4BC GE2AE, Professional LCD Screen Display Digitizer Assembly with Repair Tools, 3120x1440 Pixels",127AED,1.0 out of 5 stars
97,"Dpofirs Organic Screen Replacement For Pixel 7 Pro, Pixel 7 Pro Frame, Digitizer Assembly with Frame Repair Tools For Pixel 7 Pro",190AED,3.0 out of 5 stars
98,"Can Fix It Screen Replacement for Google Pixel 7 Pro 6.7"" OLED Glass (Not LCD) Screen Display Touch Digitizer LCD Assembly with Frame with Repair Tools Kits - GP4BC GE2AE",240AED,3.0 out of 5 stars
99,"Dpofirs Organic OLED Screen Replacement for Pixel 7 PRO, Pixel 7 PRO Frame, Digitizer Assembly with Frame Repair Tools for Pixel 7PRO",183AED,
100,"Screen Replacement for Pixel 7 Pro 5G GP4BC GE2AE 6.7"" LCD Screen Display Touch Glass Lens Digitizer Replacement Part, with Repair Tools",223AED,3.0 out of 5 stars
101,Mobile Phone Screen LCD Display for Google Pixel 7 Pro GP4BC GE2AE OLED LCD Screen Digitizer Full Assembly with Frame,199AED,
102,"Olivechard OLED for Google Pixel 7 Pro 6.7"" Display Screen +Frame (Fingerprint Cable Transfer Required) LCD Screen Replacement Display Touch Digitizer Assembly",360AED,2.7 out of 5 stars
103,"OLED Screen Assembly for Pixel 7 Pro, Phone Digitizer Assembly with Frame and Installation Tool Kit, Smartphone Screen Replacement",242AED,3.0 out of 5 stars
104,"OLED Screen Replacement for Pixel 7 Pro, Digitizer Assembly with Tools, Display Repair Kits, QC Double Test Before Shipment",228AED,
105,"OLED for Google Pixel 7 Pro LCD Screen Replacement Screen for Pixel 7 Pro GP4BC GE2AE GFE4J 6.7"" LCD Display Digitazer Full Assembly with Repair Kit Black with Frame",326AED,2.0 out of 5 stars
106,"Phone Screen Replacement for Pixel 7 Pro 5G, 6.7in 3120x1440 Mobile Phone Touch Screen Digitizer Assembly with Repair Tools",153AED,
107,"EBTOOLS Pixel 7 Pro Screen Replacement, LED Touch Screen Replacement with Tools, Touch Screen Replacement for Pixel 7 Pro 5G GP4BC GE2AE",359AED,2.9 out of 5 stars
108,LNONLS AMOLED for Google Pixel 7 Pro 5G LCD Display Screen Replacement GP4BC GE2AE Touch Digitizer Screen Assembly with Frame kit,372AED,2.4 out of 5 stars
109,"Cryfokt Screen Replacement, 6.7 Inch Display, LCD Display Digitizer Replacement with Professional Tools, 220g Assembly for Pixel 7 Pro 5G GP4BC GE2AE,",194AED,
110,Mobile Phone Replacement Parts for Google Pixel 7 Pro GP4BC GE2AE OLED LCD Screen Digitizer Full Assembly with Frame,226AED,
111,"LICAEVEY Screen Replacement for 7T Pro 5G / 7 Pro Series Cell Phone, 6.7 Inch LCD Display 3D Touch Digitizer Assembly with Repair Tools",126AED,
112,Cell Phone LCD Display for Google Pixel 7 Pro GP4BC GE2AE OLED LCD Screen Digitizer Full Assembly with Frame Replacement Part,215AED,
113,"Cell Phone LCD Display LTPO AMOLED LCD Screen for Google Pixel 7 Pro GP4BC, GE2AE with Digitizer Full Assembly Replacement Part",563AED,
114,"Ibywind [Pack of 2] Google Pixel 7 Pro 5G Screen protector (6.7 Inch) with with Alignment Frame,Bubble-Free,Smart Film Tech,99% HD Clear,Easy to install,Flexible TPU Film,Touch Sensitive",39AED,4.0 out of 5 stars
115,"Duotipa Front Glass Display Glass Repair Compatible with Google Pixel 7 Pro, Front Glass Replacement Touchscreen Repair Kit - Includes Tools - Black (No Display and Touch Digitizer)",75AED,1.0 out of 5 stars
116,"Qvouaw OLED Display Compatible with Google Pixel 7 Pro GE2AE 6.3"" inch LCD Screen Display Digitizer Assembly with Frame and Tools(Support Fingerprint)",468AED,2.8 out of 5 stars
117,"Screen Replacement for Pixel 7 Pro 5G GP4BC GE2AE, 6.7 Inch Phone Organic LED Touch Screen Digitizer Assembly with Repair Tools, Phone Touch Display",153AED,
118,"Pixels 7 Pro GP4BC GE2AE Screen Replacement, High Color Saturation, Excellent Resolution, Wide Color Gamut, Phone Screen Display Digitizer",172AED,
119,"Double Sure 6.7"" Replacement Screen Glass for Google Pixel 7 Pro GP4BC GE2AE GE2AE Black",54AED,3.5 out of 5 stars
120,"Dpofirs AMOLED for Pixel 7 Pro 5G LCD Screen Replacement, 6.7 Inch LCD Display Digitizer Full Assembly for Pixel 7 Pro 5G GP4BC GE2AE",260AED,1.5 out of 5 stars
121,"Dpofirs AMOLED for Google Pixel 7 Pro 5G LCD Screen Replacement, 6.7 Inch LCD Display Touch Screen Digitizer Full Assembly for Google Pixel 7 Pro 5G GP4BC GE2AE",320AED,1.8 out of 5 stars
122,"Denash Phone Screen Replacement for Pixel 7 Pro 5G GP4BC GE2AE, 6.7 Inch Organic LED Touch Screen, Phone Digitizer Assembly with Repair Tools",207AED,3.1 out of 5 stars
123,"7 Pro Screen Assembly, Perfectly Compatible Organic Light Emitting Diode Touch Screen Digitizer Assembly Kit with Fingerprint and Repair Tool for 7 Pro",194AED,
124,"T Tersely [2 Pack] Screen Protector for Google Pixel 7 Pro (6.7 inch), Support Fingerprint Unlock Full Cover HYDROGEL Aqua Screen Protector Curved for Google Pixel 7 Pro",19AED,3.7 out of 5 stars
125,"Eujgoov Phone Touch Screen Display for Pixel 7 PRO 6.7in, Quality LCD Digitizer Assembly with Repair Tools, Ideal for Screen Replacement, for Professional Technicians, Material",187AED,
126,"Lazmin112 OLED 6.7 Inch Screen Replacement for Google Pixel 7 Pro 5G GP4BC GE2AE, Touch Screen Digitizer Assembly Replacement with Repair Tools Kit",395AED,1.0 out of 5 stars
127,Pixel 7 Pro Back Glass Replacement for Google Pixel 7 Pro 5G Back Cover Glass Housing Door with Pre-Installed Tape + Tools(Not Suitable for Pixel 7) (Hazel),73AED,
128,"6.7 Inches Screen Replacement for for 7 Pro 5G Display GP4BC GE2AE, Replacement for for 7 Pro LED Touch Screen Digitizer Assembly with Repair Tools",174AED,
129,Mobile Phones Accessories For for Google Pixel 7 Pro Power Button + Volume Button Control Button Replacement Parts,26AED,5.0 out of 5 stars
130,"MENDUNER AMOLED Screen Replacement for Google Pixel 7 Pro, Pixel 7 Pro Screen Replacement, 5G GP4BC GE2AE 6.7 Inch Phone Organic LED Touch Screen Digitizer Assembly with Repair Tools",295AED,2.0 out of 5 stars
131,"LTPO AMOLED LCD Screen For Google Pixel 7 Pro GP4BC, GE2AE with Digitizer Full Assembly",375AED,
132,Cell Phone LCD Display for Google Pixel 7 Pro GV4BC GE2AE AMOLED LCD Screen Digitizer Full Assembly with Frame (Black) Replacement Part,563AED,
133,"ciciglow AMOLED Screen Replacement for Google Pixel 7 Pro GP4BC GE2AE, 6.7 Inch Touch Screen Digitizer Assembly with Tool, Screen Repair Kits",361AED,2.4 out of 5 stars
134,"Plyisty Screen Display Digitizer Assembly, Support Fingerprint Phone Screen Replacement 6.7in with Repair Tools for Pixel 7 PRO",162AED,
135,SwarKing Display Glass Front Glass Outer Screen Lens Replacement Compatible with Google Pixel 7 Pro with Repair Kit,75AED,
136,Marhynchus Touch Screen Digitizer Assembly Display Replacement for 7 Pro 5G GP4BC GE2AE 6.7 Inch Screen with Repair Tools,174AED,
137,"for Pixel 7 Pro 6.7 Inch Screen Replacement, for Pixel 7 Pro 5G GP4BC GE2AE Organic LED Touch Screen Digitizer Assembly with Tools",545AED,
138,"Yunir OLED Display Compatible with Pixel 7 Pro, 6.7 Screen Replacement, LCD Screen Display Digitizer Assembly with Frame and Tools",342AED,1.0 out of 5 stars
139,"OLED Screen Replacement for Google Pixel 7 Pro, 6.7 Inch Touch Screen Digitizer Assembly with Tool, Pixel 7Pro Display Touch Screen Repair Kits, with Fingerprint Function, Default",447AED,1.0 out of 5 stars
140,YUANSHIHUI Cellphone LCD Screen for Google Pixel 7 Pro GP4BC GE2AE OLED LCD Screen Digitizer Full Assembly with Frame,228AED,
141,Mobile Lcd Screen Replacement for Google Pixel 7 Pro GP4BC GE2AE OLED LCD Screen Digitizer Full Assembly with Frame,228AED,
142,Cellphone LCD Screen for Google Pixel 7 Pro GP4BC GE2AE OLED LCD Screen Digitizer Full Assembly with Frame,240AED,
143,"Phone Screen Replacement for Pixel 7 Pro 5G GP4BC GE2AE, 6.7 Inch Phone Organic LED Touch Screen Digitizer Assembly with Repair Tools, Resolves Various Screen Issues",514AED,
144,"gernie 6.7 Inches Screen Replacement for Pixel 7 Pro 5G GP4BC GE2AE, Professional LCD Screen Display Digitizer Assembly with Repair Tools, 3120x1440 Pixels",127AED,1.0 out of 5 stars
145,"Dpofirs Organic Screen Replacement For Pixel 7 Pro, Pixel 7 Pro Frame, Digitizer Assembly with Frame Repair Tools For Pixel 7 Pro",190AED,3.0 out of 5 stars
146,"Can Fix It Screen Replacement for Google Pixel 7 Pro 6.7"" OLED Glass (Not LCD) Screen Display Touch Digitizer LCD Assembly with Frame with Repair Tools Kits - GP4BC GE2AE",240AED,3.0 out of 5 stars
147,"Dpofirs Organic OLED Screen Replacement for Pixel 7 PRO, Pixel 7 PRO Frame, Digitizer Assembly with Frame Repair Tools for Pixel 7PRO",183AED,
148,"Screen Replacement for Pixel 7 Pro 5G GP4BC GE2AE 6.7"" LCD Screen Display Touch Glass Lens Digitizer Replacement Part, with Repair Tools",223AED,3.0 out of 5 stars
149,Mobile Phone Screen LCD Display for Google Pixel 7 Pro GP4BC GE2AE OLED LCD Screen Digitizer Full Assembly with Frame,199AED,
150,"Olivechard OLED for Google Pixel 7 Pro 6.7"" Display Screen +Frame (Fingerprint Cable Transfer Required) LCD Screen Replacement Display Touch Digitizer Assembly",360AED,2.7 out of 5 stars
151,"OLED Screen Assembly for Pixel 7 Pro, Phone Digitizer Assembly with Frame and Installation Tool Kit, Smartphone Screen Replacement",242AED,3.0 out of 5 stars
152,"OLED Screen Replacement for Pixel 7 Pro, Digitizer Assembly with Tools, Display Repair Kits, QC Double Test Before Shipment",228AED,
153,"OLED for Google Pixel 7 Pro LCD Screen Replacement Screen for Pixel 7 Pro GP4BC GE2AE GFE4J 6.7"" LCD Display Digitazer Full Assembly with Repair Kit Black with Frame",326AED,2.0 out of 5 stars
154,"Phone Screen Replacement for Pixel 7 Pro 5G, 6.7in 3120x1440 Mobile Phone Touch Screen Digitizer Assembly with Repair Tools",153AED,
155,"EBTOOLS Pixel 7 Pro Screen Replacement, LED Touch Screen Replacement with Tools, Touch Screen Replacement for Pixel 7 Pro 5G GP4BC GE2AE",359AED,2.9 out of 5 stars
156,LNONLS AMOLED for Google Pixel 7 Pro 5G LCD Display Screen Replacement GP4BC GE2AE Touch Digitizer Screen Assembly with Frame kit,372AED,2.4 out of 5 stars
157,"Cryfokt Screen Replacement, 6.7 Inch Display, LCD Display Digitizer Replacement with Professional Tools, 220g Assembly for Pixel 7 Pro 5G GP4BC GE2AE,",194AED,
158,Mobile Phone Replacement Parts for Google Pixel 7 Pro GP4BC GE2AE OLED LCD Screen Digitizer Full Assembly with Frame,226AED,
159,"LICAEVEY Screen Replacement for 7T Pro 5G / 7 Pro Series Cell Phone, 6.7 Inch LCD Display 3D Touch Digitizer Assembly with Repair Tools",126AED,
160,Cell Phone LCD Display for Google Pixel 7 Pro GP4BC GE2AE OLED LCD Screen Digitizer Full Assembly with Frame Replacement Part,215AED,
161,"Cell Phone LCD Display LTPO AMOLED LCD Screen for Google Pixel 7 Pro GP4BC, GE2AE with Digitizer Full Assembly Replacement Part",563AED,
162,"Ibywind [Pack of 2] Google Pixel 7 Pro 5G Screen protector (6.7 Inch) with with Alignment Frame,Bubble-Free,Smart Film Tech,99% HD Clear,Easy to install,Flexible TPU Film,Touch Sensitive",39AED,4.0 out of 5 stars
163,"Duotipa Front Glass Display Glass Repair Compatible with Google Pixel 7 Pro, Front Glass Replacement Touchscreen Repair Kit - Includes Tools - Black (No Display and Touch Digitizer)",75AED,1.0 out of 5 stars
164,"Qvouaw OLED Display Compatible with Google Pixel 7 Pro GE2AE 6.3"" inch LCD Screen Display Digitizer Assembly with Frame and Tools(Support Fingerprint)",468AED,2.8 out of 5 stars
165,"Screen Replacement for Pixel 7 Pro 5G GP4BC GE2AE, 6.7 Inch Phone Organic LED Touch Screen Digitizer Assembly with Repair Tools, Phone Touch Display",153AED,
166,"Pixels 7 Pro GP4BC GE2AE Screen Replacement, High Color Saturation, Excellent Resolution, Wide Color Gamut, Phone Screen Display Digitizer",172AED,
167,"Double Sure 6.7"" Replacement Screen Glass for Google Pixel 7 Pro GP4BC GE2AE GE2AE Black",54AED,3.5 out of 5 stars
168,"Dpofirs AMOLED for Pixel 7 Pro 5G LCD Screen Replacement, 6.7 Inch LCD Display Digitizer Full Assembly for Pixel 7 Pro 5G GP4BC GE2AE",260AED,1.5 out of 5 stars
169,"Dpofirs AMOLED for Google Pixel 7 Pro 5G LCD Screen Replacement, 6.7 Inch LCD Display Touch Screen Digitizer Full Assembly for Google Pixel 7 Pro 5G GP4BC GE2AE",320AED,1.8 out of 5 stars
170,"Denash Phone Screen Replacement for Pixel 7 Pro 5G GP4BC GE2AE, 6.7 Inch Organic LED Touch Screen, Phone Digitizer Assembly with Repair Tools",207AED,3.1 out of 5 stars
171,"7 Pro Screen Assembly, Perfectly Compatible Organic Light Emitting Diode Touch Screen Digitizer Assembly Kit with Fingerprint and Repair Tool for 7 Pro",194AED,
172,"T Tersely [2 Pack] Screen Protector for Google Pixel 7 Pro (6.7 inch), Support Fingerprint Unlock Full Cover HYDROGEL Aqua Screen Protector Curved for Google Pixel 7 Pro",19AED,3.7 out of 5 stars
173,"Eujgoov Phone Touch Screen Display for Pixel 7 PRO 6.7in, Quality LCD Digitizer Assembly with Repair Tools, Ideal for Screen Replacement, for Professional Technicians, Material",187AED,
174,"Lazmin112 OLED 6.7 Inch Screen Replacement for Google Pixel 7 Pro 5G GP4BC GE2AE, Touch Screen Digitizer Assembly Replacement with Repair Tools Kit",395AED,1.0 out of 5 stars
175,Pixel 7 Pro Back Glass Replacement for Google Pixel 7 Pro 5G Back Cover Glass Housing Door with Pre-Installed Tape + Tools(Not Suitable for Pixel 7) (Hazel),73AED,
176,"6.7 Inches Screen Replacement for for 7 Pro 5G Display GP4BC GE2AE, Replacement for for 7 Pro LED Touch Screen Digitizer Assembly with Repair Tools",174AED,
177,Mobile Phones Accessories For for Google Pixel 7 Pro Power Button + Volume Button Control Button Replacement Parts,26AED,5.0 out of 5 stars
178,"MENDUNER AMOLED Screen Replacement for Google Pixel 7 Pro, Pixel 7 Pro Screen Replacement, 5G GP4BC GE2AE 6.7 Inch Phone Organic LED Touch Screen Digitizer Assembly with Repair Tools",295AED,2.0 out of 5 stars
179,"LTPO AMOLED LCD Screen For Google Pixel 7 Pro GP4BC, GE2AE with Digitizer Full Assembly",375AED,
180,Cell Phone LCD Display for Google Pixel 7 Pro GV4BC GE2AE AMOLED LCD Screen Digitizer Full Assembly with Frame (Black) Replacement Part,563AED,
181,"ciciglow AMOLED Screen Replacement for Google Pixel 7 Pro GP4BC GE2AE, 6.7 Inch Touch Screen Digitizer Assembly with Tool, Screen Repair Kits",361AED,2.4 out of 5 stars
182,"Plyisty Screen Display Digitizer Assembly, Support Fingerprint Phone Screen Replacement 6.7in with Repair Tools for Pixel 7 PRO",162AED,
183,SwarKing Display Glass Front Glass Outer Screen Lens Replacement Compatible with Google Pixel 7 Pro with Repair Kit,75AED,
184,Marhynchus Touch Screen Digitizer Assembly Display Replacement for 7 Pro 5G GP4BC GE2AE 6.7 Inch Screen with Repair Tools,174AED,
185,"for Pixel 7 Pro 6.7 Inch Screen Replacement, for Pixel 7 Pro 5G GP4BC GE2AE Organic LED Touch Screen Digitizer Assembly with Tools",545AED,
186,"Yunir OLED Display Compatible with Pixel 7 Pro, 6.7 Screen Replacement, LCD Screen Display Digitizer Assembly with Frame and Tools",342AED,1.0 out of 5 stars
187,"OLED Screen Replacement for Google Pixel 7 Pro, 6.7 Inch Touch Screen Digitizer Assembly with Tool, Pixel 7Pro Display Touch Screen Repair Kits, with Fingerprint Function, Default",447AED,1.0 out of 5 stars
188,YUANSHIHUI Cellphone LCD Screen for Google Pixel 7 Pro GP4BC GE2AE OLED LCD Screen Digitizer Full Assembly with Frame,228AED,
189,Mobile Lcd Screen Replacement for Google Pixel 7 Pro GP4BC GE2AE OLED LCD Screen Digitizer Full Assembly with Frame,228AED,
190,Cellphone LCD Screen for Google Pixel 7 Pro GP4BC GE2AE OLED LCD Screen Digitizer Full Assembly with Frame,240AED,
191,"Phone Screen Replacement for Pixel 7 Pro 5G GP4BC GE2AE, 6.7 Inch Phone Organic LED Touch Screen Digitizer Assembly with Repair Tools, Resolves Various Screen Issues",514AED,
